1_Tropical-cyclone.txt => Tropical-cyclone
2_Hurricane-(disambiguation).txt => Hurricane-(disambiguation)
3_Hurricane-Isabel.txt => Hurricane-Isabel
4_Expedition-7.txt => Expedition-7
5_International-Space-Station.txt => International-Space-Station
6_Eye-(cyclone).txt => Eye-(cyclone)
7_Rainband.txt => Rainband
8_Cyclone.txt => Cyclone
9_Nature.txt => Nature
10_Weather.txt => Weather
11_Season.txt => Season
12_Winter.txt => Winter
13_Spring-(season).txt => Spring-(season)
14_Summer.txt => Summer
15_Autumn.txt => Autumn
16_Tropics.txt => Tropics
17_Dry-season.txt => Dry-season
18_Wet-season.txt => Wet-season
19_Storm.txt => Storm
20_Cloud.txt => Cloud
21_Cumulonimbus-cloud.txt => Cumulonimbus-cloud
22_Arcus-cloud.txt => Arcus-cloud
23_Downburst.txt => Downburs
24_Microburst.txt => Microburs
25_Heat-burst.txt => Heat-burs
26_Dust-storm.txt => Dust-storm
27_Simoom.txt => Simoom
28_Haboob.txt => Haboob
29_Monsoon.txt => Monsoon
30_Gale.txt => Gale
31_Sirocco.txt => Sirocco
32_Firestorm.txt => Firestorm
33_Lightning.txt => Lightning
34_Supercell.txt => Supercell
35_Thunderstorm.txt => Thunderstorm
36_Thundersnow.txt => Thundersnow
37_Storm-surge.txt => Storm-surge
38_Tornado.txt => Tornado
39_Mesocyclone.txt => Mesocyclone
40_Anticyclone.txt => Anticyclone
41_Extratropical-cyclone.txt => Extratropical-cyclone
42_European-windstorm.txt => European-windstorm
43_Atlantic-hurricane.txt => Atlantic-hurricane
44_Typhoon.txt => Typhoon
45_Derecho.txt => Derecho
46_Landspout.txt => Landspou
47_Dust-devil.txt => Dust-devil
48_Fire-whirl.txt => Fire-whirl
49_Waterspout.txt => Waterspou
50_Winter-storm.txt => Winter-storm
51_Ice-storm.txt => Ice-storm
52_Blizzard.txt => Blizzard
53_Ground-blizzard.txt => Ground-blizzard
54_Snowsquall.txt => Snowsquall
55_Precipitation.txt => Precipitation
56_Drizzle.txt => Drizzle
57_Freezing-drizzle.txt => Freezing-drizzle
58_Graupel.txt => Graupel
59_Hail.txt => Hail
60_Ice-pellets.txt => Ice-pellets
61_Diamond-dust.txt => Diamond-dus
62_Rain.txt => Rain
63_Freezing-rain.txt => Freezing-rain
64_Cloudburst.txt => Cloudburs
65_Snow.txt => Snow
66_Rain-and-snow-mixed.txt => Rain-and-snow-mixed
67_Snow-grains.txt => Snow-grains
68_Snow-roller.txt => Snow-roller
69_Slush.txt => Slush
70_Index-of-meteorology-articles.txt => Index-of-meteorology-articles
71_Atmospheric-river.txt => Atmospheric-river
72_Atmospheric-convection.txt => Atmospheric-convection
73_Air-pollution.txt => Air-pollution
74_Climate.txt => Climate
75_Fog.txt => Fog
76_Cold-wave.txt => Cold-wave
77_Heat-wave.txt => Heat-wave
78_Jet-stream.txt => Jet-stream
79_Meteorology.txt => Meteorology
80_Severe-weather.txt => Severe-weather
81_Weather-forecasting.txt => Weather-forecasting
82_Low-pressure-area.txt => Low-pressure-area
83_Beaufort-scale.txt => Beaufort-scale
84_Atlantic-Ocean.txt => Atlantic-Ocean
85_Pacific-Ocean.txt => Pacific-Ocean
86_Indian-Ocean.txt => Indian-Ocean
87_Tropical-cyclogenesis.txt => Tropical-cyclogenesis
88_Water.txt => Water
89_Ocean.txt => Ocean
90_Condensation.txt => Condensation
91_Vapor–liquid-equilibrium.txt => Vapor–liquid-equilibrium
92_Energy-development.txt => Energy-developmen
93_Nor'easter.txt => Nor'easter
94_Baroclinity.txt => Baroclinity
95_Angular-momentum.txt => Angular-momentum
96_Earth.txt => Earth
97_Earth's-rotation.txt => Earth's-rotation
98_Equator.txt => Equator
99_African-easterly-jet.txt => African-easterly-je
100_Wind-shear.txt => Wind-shear
101_Clockwise.txt => Clockwise
102_Northern-Hemisphere.txt => Northern-Hemisphere
103_Southern-Hemisphere.txt => Southern-Hemisphere
104_Coriolis-force.txt => Coriolis-force
105_Tornadogenesis.txt => Tornadogenesis
106_Drought.txt => Drough
107_Temperate-climate.txt => Temperate-climate
108_Latitude.txt => Latitude
109_Effects-of-tropical-cyclones.txt => Effects-of-tropical-cyclones
110_Tropical-cyclone-warnings-and-watches.txt => Tropical-cyclone-warnings-and-watches
111_List-of-tropical-cyclones.txt => List-of-tropical-cyclones
112_Tropical-cyclone-basins.txt => Tropical-cyclone-basins
113_Regional-Specialized-Meteorological-Center.txt => Regional-Specialized-Meteorological-Center
114_Tropical-cyclone-scales.txt => Tropical-cyclone-scales
115_Tropical-cyclone-observation.txt => Tropical-cyclone-observation
116_Tropical-cyclone-forecasting.txt => Tropical-cyclone-forecasting
117_Tropical-cyclone-rainfall-forecasting.txt => Tropical-cyclone-rainfall-forecasting
118_Tropical-cyclone-rainfall-climatology.txt => Tropical-cyclone-rainfall-climatology
119_Tropical-cyclone-naming.txt => Tropical-cyclone-naming
120_History-of-tropical-cyclone-naming.txt => History-of-tropical-cyclone-naming
121_List-of-historic-tropical-cyclone-names.txt => List-of-historic-tropical-cyclone-names
122_List-of-retired-Atlantic-hurricane-names.txt => List-of-retired-Atlantic-hurricane-names
123_List-of-retired-Pacific-hurricane-names.txt => List-of-retired-Pacific-hurricane-names
124_List-of-retired-Pacific-typhoon-names.txt => List-of-retired-Pacific-typhoon-names
125_List-of-retired-Philippine-typhoon-names.txt => List-of-retired-Philippine-typhoon-names
126_List-of-retired-Australian-cyclone-names.txt => List-of-retired-Australian-cyclone-names
127_List-of-retired-South-Pacific-cyclone-names.txt => List-of-retired-South-Pacific-cyclone-names
128_Outline-of-tropical-cyclones.txt => Outline-of-tropical-cyclones
129_Troposphere.txt => Troposphere
130_Sea-level.txt => Sea-level
131_Absolute-angular-momentum.txt => Absolute-angular-momentum
132_Cyclonic-rotation.txt => Cyclonic-rotation
133_Tropopause.txt => Tropopause
134_Radius-of-maximum-wind.txt => Radius-of-maximum-wind
135_Cirrus-cloud.txt => Cirrus-cloud
136_Rotational-symmetry.txt => Rotational-symmetry
137_Instability.txt => Instability
138_Global-Precipitation-Measurement.txt => Global-Precipitation-Measuremen
139_Central-dense-overcast.txt => Central-dense-overcas
140_Typhoon-Nabi.txt => Typhoon-Nabi
141_Rapid-intensification.txt => Rapid-intensification
142_Sea-surface-temperature.txt => Sea-surface-temperature
143_Convection.txt => Convection
144_Contour-line.txt => Contour-line
145_Radius-of-outermost-closed-isobar.txt => Radius-of-outermost-closed-isobar
146_Vorticity.txt => Vorticity
147_Fetch-(geography).txt => Fetch-(geography)
148_Wave-setup.txt => Wave-setup
149_Three-dimensional-space.txt => Three-dimensional-space
150_Secondary-circulation.txt => Secondary-circulation
151_Geometric-terms-of-location.txt => Geometric-terms-of-location
152_Energetics.txt => Energetics
153_Carnot-heat-engine.txt => Carnot-heat-engine
154_Latent-heat.txt => Latent-hea
155_Sensible-heat.txt => Sensible-hea
156_Thermal-radiation.txt => Thermal-radiation
157_Subsidence-(atmosphere).txt => Subsidence-(atmosphere)
158_Isothermal-process.txt => Isothermal-process
159_Isentropic-process.txt => Isentropic-process
160_Secondary-flow.txt => Secondary-flow
161_Joule.txt => Joule
162_World-energy-consumption.txt => World-energy-consumption
163_TNT-equivalent.txt => TNT-equivalen
164_Nuclear-weapon.txt => Nuclear-weapon
165_Coriolis-frequency.txt => Coriolis-frequency
166_Thermal-wind.txt => Thermal-wind
167_Hydrostatic-equilibrium.txt => Hydrostatic-equilibrium
168_Heat-transfer-coefficient.txt => Heat-transfer-coefficien
169_Dimensionless-quantity.txt => Dimensionless-quantity
170_Enthalpy.txt => Enthalpy
171_Heat-engine.txt => Heat-engine
172_Heat.txt => Hea
173_Mechanical-energy.txt => Mechanical-energy
174_Work-(physics).txt => Work-(physics)
175_Convective-available-potential-energy.txt => Convective-available-potential-energy
176_Atmospheric-sounding.txt => Atmospheric-sounding
177_Sea-spray.txt => Sea-spray
178_Gulf-of-Mexico.txt => Gulf-of-Mexico
179_Hurricane-Katrina.txt => Hurricane-Katrina
180_Hurricane-Rita.txt => Hurricane-Rita
181_Pacific-hurricane.txt => Pacific-hurricane
182_National-Hurricane-Center.txt => National-Hurricane-Center
183_Central-Pacific-Hurricane-Center.txt => Central-Pacific-Hurricane-Center
184_Japan-Meteorological-Agency.txt => Japan-Meteorological-Agency
185_North-Indian-Ocean-tropical-cyclone.txt => North-Indian-Ocean-tropical-cyclone
186_India-Meteorological-Department.txt => India-Meteorological-Departmen
187_South-West-Indian-Ocean-tropical-cyclone.txt => South-West-Indian-Ocean-tropical-cyclone
188_Météo-France.txt => Météo-France
189_Australian-region-tropical-cyclone.txt => Australian-region-tropical-cyclone
190_Indonesian-Agency-for-Meteorology,-Climatology-and-Geophysics.txt => Indonesian-Agency-for-Meteorology,-Climatology-and-Geophysics
191_Bureau-of-Meteorology.txt => Bureau-of-Meteorology
192_South-Pacific-tropical-cyclone.txt => South-Pacific-tropical-cyclone
193_Fiji-Meteorological-Service.txt => Fiji-Meteorological-Service
194_MetService.txt => MetService
195_World-Meteorological-Organization.txt => World-Meteorological-Organization
196_Joint-Typhoon-Warning-Center.txt => Joint-Typhoon-Warning-Center
197_Federal-government-of-the-United-States.txt => Federal-government-of-the-United-States
198_PAGASA.txt => PAGASA
199_Philippines.txt => Philippines
200_Canadian-Hurricane-Centre.txt => Canadian-Hurricane-Centre
201_Hurricane-Catarina.txt => Hurricane-Catarina
202_South-Atlantic-tropical-cyclone.txt => South-Atlantic-tropical-cyclone
203_Brazil.txt => Brazil
204_Saffir–Simpson-scale.txt => Saffir–Simpson-scale
205_International-Date-Line.txt => International-Date-Line
206_Map-projection.txt => Map-projection
207_Atlantic-hurricane-season.txt => Atlantic-hurricane-season
208_Enthalpy-of-vaporization.txt => Enthalpy-of-vaporization
209_Madden–Julian-oscillation.txt => Madden–Julian-oscillation
210_Intertropical-Convergence-Zone.txt => Intertropical-Convergence-Zone
211_Monsoon-trough.txt => Monsoon-trough
212_Tropical-wave.txt => Tropical-wave
213_Tropical-Storm-Vamei.txt => Tropical-Storm-Vamei
214_Cyclone-Agni.txt => Cyclone-Agni
215_Advection.txt => Advection
216_Trade-winds.txt => Trade-winds
217_Subtropical-ridge.txt => Subtropical-ridge
218_Beta-plane.txt => Beta-plane
219_Fujiwhara-effect.txt => Fujiwhara-effec
220_Sakuhei-Fujiwhara.txt => Sakuhei-Fujiwhara
221_Westerlies.txt => Westerlies
222_Hurricane-Ioke.txt => Hurricane-Ioke
223_2006-Pacific-hurricane-season.txt => 2006-Pacific-hurricane-season
224_Tropical-Storm-Franklin-(2005).txt => Tropical-Storm-Franklin-(2005)
225_2005-Atlantic-hurricane-season.txt => 2005-Atlantic-hurricane-season
226_Hurricane-Ivan.txt => Hurricane-Ivan
227_Hurricane-Mitch.txt => Hurricane-Mitch
228_Hurricane-Iris-(1995).txt => Hurricane-Iris-(1995)
229_Project-Stormfury.txt => Project-Stormfury
230_Cloud-seeding.txt => Cloud-seeding
231_Silver-iodide.txt => Silver-iodide
232_Supercooling.txt => Supercooling
233_Hurricane-Debbie-(1969).txt => Hurricane-Debbie-(1969)
234_Jacksonville,-Florida.txt => Jacksonville,-Florida
235_Savannah,-Georgia.txt => Savannah,-Georgia
236_Eyewall-replacement-cycle.txt => Eyewall-replacement-cycle
237_Iceberg.txt => Iceberg
238_Gulfport,-Mississippi.txt => Gulfport,-Mississippi
239_Flood.txt => Flood
240_Wind.txt => Wind
241_History-of-tropical-cyclone-spawned-tornadoes.txt => History-of-tropical-cyclone-spawned-tornadoes
242_Emergency-shelter.txt => Emergency-shelter
243_Middle-latitudes.txt => Middle-latitudes
244_Thermohaline-circulation.txt => Thermohaline-circulation
245_Upwelling.txt => Upwelling
246_Estuary.txt => Estuary
247_Salinity.txt => Salinity
248_Toxin.txt => Toxin
249_Acid.txt => Acid
250_Hurricane-Isidore.txt => Hurricane-Isidore
251_Weather-station.txt => Weather-station
252_Weather-satellite.txt => Weather-satellite
253_Light.txt => Ligh
254_Infrared.txt => Infrared
255_Pulse-Doppler-radar.txt => Pulse-Doppler-radar
256_Weather-radar.txt => Weather-radar
257_In-situ.txt => In-situ
258_Hurricane-hunters.txt => Hurricane-hunters
259_Lockheed-WC-130.txt => Lockheed-WC-130
260_Lockheed-WP-3D-Orion.txt => Lockheed-WP-3D-Orion
261_Turboprop.txt => Turboprop
262_Dropsonde.txt => Dropsonde
263_AAI-Aerosonde.txt => AAI-Aerosonde
264_Tropical-cyclone-track-forecasting.txt => Tropical-cyclone-track-forecasting
265_Tropical-cyclone-forecast-model.txt => Tropical-cyclone-forecast-model
266_Satellite.txt => Satellite
267_2006-Pacific-typhoon-season.txt => 2006-Pacific-typhoon-season
268_180th-meridian.txt => 180th-meridian
269_Tropical-Depression-(band).txt => Tropical-Depression-(band)
270_Tropical-Depression-(EP).txt => Tropical-Depression-(EP)
271_Maximum-sustained-wind.txt => Maximum-sustained-wind
272_Tropical-Storm-(album).txt => Tropical-Storm-(album)
273_Taipei-101.txt => Taipei-101
274_Arabic.txt => Arabic
275_Hindustani-language.txt => Hindustani-language
276_Persian-language.txt => Persian-language
277_Greek-language.txt => Greek-language
278_Typhon.txt => Typhon
279_Greek-mythology.txt => Greek-mythology
280_Portuguese-language.txt => Portuguese-language
281_Cantonese.txt => Cantonese
282_Island-Caribs.txt => Island-Caribs
283_Taíno.txt => Taíno
284_Juracán.txt => Juracán
285_Maya-peoples.txt => Maya-peoples
286_Huracan.txt => Huracan
287_Maya-maize-god.txt => Maya-maize-god
288_Government-of-Queensland.txt => Government-of-Queensland
289_Clement-Lindley-Wragge.txt => Clement-Lindley-Wragge
290_World-War-II.txt => World-War-II
291_List-of-tropical-cyclone-records.txt => List-of-tropical-cyclone-records
292_Lists-of-Atlantic-hurricanes.txt => Lists-of-Atlantic-hurricanes
293_List-of-Pacific-hurricanes.txt => List-of-Pacific-hurricanes
294_1970-Bhola-cyclone.txt => 1970-Bhola-cyclone
295_Ganges-Delta.txt => Ganges-Delta
296_Bangladesh.txt => Bangladesh
297_Typhoon-Nina-(1975).txt => Typhoon-Nina-(1975)
298_100-year-flood.txt => 100-year-flood
299_Banqiao-Dam.txt => Banqiao-Dam
300_Great-Hurricane-of-1780.txt => Great-Hurricane-of-1780
301_Lesser-Antilles.txt => Lesser-Antilles
302_Tropical-Storm-Thelma.txt => Tropical-Storm-Thelma
303_Typhoon-Haiyan.txt => Typhoon-Haiyan
304_Eastern-Visayas.txt => Eastern-Visayas
305_Hurricane-Paul-(1982).txt => Hurricane-Paul-(1982)
306_Central-America.txt => Central-America
307_Louisiana.txt => Louisiana
308_Mississippi.txt => Mississippi
309_Hurricane-Sandy.txt => Hurricane-Sandy
310_Hurricane-Ike.txt => Hurricane-Ike
311_1900-Galveston-hurricane.txt => 1900-Galveston-hurricane
312_Galveston,-Texas.txt => Galveston,-Texas
313_Hurricane-Iniki.txt => Hurricane-Iniki
314_Hawaii.txt => Hawaii
315_Kauai.txt => Kauai
316_List-of-Hawaii-hurricanes.txt => List-of-Hawaii-hurricanes
317_Hurricane-Pauline.txt => Hurricane-Pauline
318_Hurricane-Kenna.txt => Hurricane-Kenna
319_Mexico.txt => Mexico
320_Cyclone-Gafilo.txt => Cyclone-Gafilo
321_Madagascar.txt => Madagascar
322_Typhoon-Tip.txt => Typhoon-Tip
323_Cyclone-Tracy.txt => Cyclone-Tracy
324_Contiguous-United-States.txt => Contiguous-United-States
325_Hurricane-Patricia.txt => Hurricane-Patricia
326_Typhoon-Nancy-(1961).txt => Typhoon-Nancy-(1961)
327_Typhoon-Paka.txt => Typhoon-Paka
328_Guam.txt => Guam
329_Anemometer.txt => Anemometer
330_Cyclone-Olivia.txt => Cyclone-Olivia
331_Tropical-Storm-Marco-(2008).txt => Tropical-Storm-Marco-(2008)
332_Veracruz.txt => Veracruz
333_Hurricane-John-(1994).txt => Hurricane-John-(1994)
334_1994-Pacific-hurricane-season.txt => 1994-Pacific-hurricane-season
335_Cyclone-Rewa.txt => Cyclone-Rewa
336_1993–94-South-Pacific-cyclone-season.txt => 1993–94-South-Pacific-cyclone-season
337_1993–94-Australian-region-cyclone-season.txt => 1993–94-Australian-region-cyclone-season
338_El-Niño–Southern-Oscillation.txt => El-Niño–Southern-Oscillation
339_Japan.txt => Japan
340_Korea.txt => Korea
341_El-Niño.txt => El-Niño
342_130th-meridian-east.txt => 130th-meridian-eas
343_La-Niña.txt => La-Niña
344_China.txt => China
345_Atlantic-hurricane-reanalysis-project.txt => Atlantic-hurricane-reanalysis-projec
346_Accumulated-cyclone-energy.txt => Accumulated-cyclone-energy
347_Kerry-Emanuel.txt => Kerry-Emanuel
348_List-of-costliest-Atlantic-hurricanes.txt => List-of-costliest-Atlantic-hurricanes
349_Roger-A.-Pielke-Jr..txt => Roger-A.-Pielke-Jr
350_Atlantic-multidecadal-oscillation.txt => Atlantic-multidecadal-oscillation
351_New-England.txt => New-England
352_1933-Atlantic-hurricane-season.txt => 1933-Atlantic-hurricane-season
353_1887-Atlantic-hurricane-season.txt => 1887-Atlantic-hurricane-season
354_1821-Norfolk-and-Long-Island-hurricane.txt => 1821-Norfolk-and-Long-Island-hurricane
355_New-York-City.txt => New-York-City
356_Paleotempestology.txt => Paleotempestology
357_Azores-High.txt => Azores-High
358_North-Atlantic-oscillation.txt => North-Atlantic-oscillation
359_Haiti.txt => Haiti
360_Radiocarbon-dating.txt => Radiocarbon-dating
361_Great-Plains.txt => Great-Plains
362_Mississippi-River.txt => Mississippi-River
363_Cape-Cod.txt => Cape-Cod
364_Intergovernmental-Panel-on-Climate-Change.txt => Intergovernmental-Panel-on-Climate-Change
365_Science-(journal).txt => Science-(journal)
366_National-Oceanic-and-Atmospheric-Administration.txt => National-Oceanic-and-Atmospheric-Administration
367_Global-warming.txt => Global-warming
368_Nature-(journal).txt => Nature-(journal)
369_Climate-oscillation.txt => Climate-oscillation
370_Effects-of-global-warming.txt => Effects-of-global-warming
371_Subtropical-cyclone.txt => Subtropical-cyclone
372_Comma.txt => Comma
373_Tropical-cyclones-in-popular-culture.txt => Tropical-cyclones-in-popular-culture
374_Popular-culture.txt => Popular-culture
375_Electronic-game.txt => Electronic-game
376_Fiction.txt => Fiction
377_George-R.-Stewart.txt => George-R.-Stewar
378_Storm-(novel).txt => Storm-(novel)
379_Bestseller.txt => Bestseller
380_The-Perfect-Storm-(film).txt => The-Perfect-Storm-(film)
381_Andrea-Gail.txt => Andrea-Gail
382_1991-Perfect-Storm.txt => 1991-Perfect-Storm
383_Hurricane-Neddy.txt => Hurricane-Neddy
384_Invasion-(TV-series).txt => Invasion-(TV-series)
385_One-If-by-Clam,-Two-If-by-Sea.txt => One-If-by-Clam,-Two-If-by-Sea
386_The-Checks.txt => The-Checks
387_Dawson's-Creek.txt => Dawson's-Creek
388_Burn-Notice.txt => Burn-Notice
389_The-Day-After-Tomorrow.txt => The-Day-After-Tomorrow
390_Emergency-management.txt => Emergency-managemen
391_History-of-Atlantic-hurricane-warnings.txt => History-of-Atlantic-hurricane-warnings
392_HURDAT.txt => HURDAT
393_Hurricane-Alley.txt => Hurricane-Alley
394_Hypercane.txt => Hypercane
395_List-of-Category-4-Atlantic-hurricanes.txt => List-of-Category-4-Atlantic-hurricanes
396_List-of-Category-4-Pacific-hurricanes.txt => List-of-Category-4-Pacific-hurricanes
397_List-of-Category-5-Atlantic-hurricanes.txt => List-of-Category-5-Atlantic-hurricanes
398_List-of-Category-5-Pacific-hurricanes.txt => List-of-Category-5-Pacific-hurricanes
399_List-of-the-most-intense-tropical-cyclones.txt => List-of-the-most-intense-tropical-cyclones
400_List-of-wettest-tropical-cyclones-by-country.txt => List-of-wettest-tropical-cyclones-by-country
401_Pacific-typhoon-climatology.txt => Pacific-typhoon-climatology
402_Catastrophe-modeling.txt => Catastrophe-modeling
403_Hurricane-engineering.txt => Hurricane-engineering
404_Hurricane-preparedness.txt => Hurricane-preparedness
405_Hurricane-proof-building.txt => Hurricane-proof-building
406_2017-Atlantic-hurricane-season.txt => 2017-Atlantic-hurricane-season
407_2017-Pacific-hurricane-season.txt => 2017-Pacific-hurricane-season
408_2017-Pacific-typhoon-season.txt => 2017-Pacific-typhoon-season
409_2017-North-Indian-Ocean-cyclone-season.txt => 2017-North-Indian-Ocean-cyclone-season
410_2017–18-South-West-Indian-Ocean-cyclone-season.txt => 2017–18-South-West-Indian-Ocean-cyclone-season
411_2017–18-Australian-region-cyclone-season.txt => 2017–18-Australian-region-cyclone-season
412_2017–18-South-Pacific-cyclone-season.txt => 2017–18-South-Pacific-cyclone-season
413_National-Ocean-Service.txt => National-Ocean-Service
414_Bibcode.txt => Bibcode
415_Digital-object-identifier.txt => Digital-object-identifier
416_Australian-Broadcasting-Corporation.txt => Australian-Broadcasting-Corporation
417_Atlantic-Oceanographic-and-Meteorological-Laboratory.txt => Atlantic-Oceanographic-and-Meteorological-Laboratory
418_United-States-Naval-Research-Laboratory.txt => United-States-Naval-Research-Laboratory
419_Monthly-Weather-Review.txt => Monthly-Weather-Review
420_National-Weather-Service.txt => National-Weather-Service
421_American-Meteorological-Society.txt => American-Meteorological-Society
422_Allen-Press.txt => Allen-Press
423_University-Corporation-for-Atmospheric-Research.txt => University-Corporation-for-Atmospheric-Research
424_University-of-Hawaii.txt => University-of-Hawaii
425_PubMed.txt => PubMed
426_University-of-Washington.txt => University-of-Washington
427_International-Standard-Book-Number.txt => International-Standard-Book-Number
428_Millersville-University-of-Pennsylvania.txt => Millersville-University-of-Pennsylvania
429_USA-Today.txt => USA-Today
430_OCLC.txt => OCLC
431_Alexandria,-Virginia.txt => Alexandria,-Virginia
432_Time-Life.txt => Time-Life
433_United-States-Department-of-Energy.txt => United-States-Department-of-Energy
434_Journal-of-Geophysical-Research.txt => Journal-of-Geophysical-Research
435_University-of-Florida.txt => University-of-Florida
436_United-States-Navy.txt => United-States-Navy
437_Microsoft-PowerPoint.txt => Microsoft-PowerPoin
438_The-American-Heritage-Dictionary-of-the-English-Language.txt => The-American-Heritage-Dictionary-of-the-English-Language
439_Dictionary.com.txt => Dictionary.com
440_ABC-CLIO.txt => ABC-CLIO
441_BBC.txt => BBC
442_International-Standard-Serial-Number.txt => International-Standard-Serial-Number
443_James-Franklin-(meteorologist).txt => James-Franklin-(meteorologist)
444_Wayback-Machine.txt => Wayback-Machine
445_Columbia-University.txt => Columbia-University
446_Geophysical-Fluid-Dynamics-Laboratory.txt => Geophysical-Fluid-Dynamics-Laboratory
447_Bulletin-of-the-American-Meteorological-Society.txt => Bulletin-of-the-American-Meteorological-Society
448_University-of-Wisconsin–Madison.txt => University-of-Wisconsin–Madison
449_United-States-Geological-Survey.txt => United-States-Geological-Survey
450_National-Climatic-Data-Center.txt => National-Climatic-Data-Center
451_Wikisource.txt => Wikisource
452_Bay-of-Bengal.txt => Bay-of-Bengal
453_Arabian-Sea.txt => Arabian-Sea
454_Centers-of-action.txt => Centers-of-action
455_Anticyclonic-storm.txt => Anticyclonic-storm
456_Polar-low.txt => Polar-low
457_Thermal-low.txt => Thermal-low
458_Polar-High.txt => Polar-High
459_Siberian-High.txt => Siberian-High
460_North-American-High.txt => North-American-High
461_South-Atlantic-High.txt => South-Atlantic-High
462_North-Pacific-High.txt => North-Pacific-High
463_South-Pacific-High.txt => South-Pacific-High
464_Kalahari-High.txt => Kalahari-High
465_Aleutian-Low.txt => Aleutian-Low
466_Australian-east-coast-low.txt => Australian-east-coast-low
467_Genoa-low.txt => Genoa-low
468_Icelandic-Low.txt => Icelandic-Low
469_Kona-storm.txt => Kona-storm
470_Polar-vortex.txt => Polar-vorte
471_Wake-low.txt => Wake-low
472_Tropical-climate.txt => Tropical-climate
473_Harmattan.txt => Harmattan
474_Fog-season.txt => Fog-season
475_National-Diet-Library.txt => National-Diet-Library
476_Hurricane,-Alabama.txt => Hurricane,-Alabama
477_Hurricane,-Kentucky.txt => Hurricane,-Kentucky
478_Hurricane,-Bollinger-County,-Missouri.txt => Hurricane,-Bollinger-County,-Missouri
479_Hurricane,-Washington-County,-Missouri.txt => Hurricane,-Washington-County,-Missouri
480_Hurricane,-Utah.txt => Hurricane,-Utah
481_Hurricane-Canal.txt => Hurricane-Canal
482_Hurricane-Mesa.txt => Hurricane-Mesa
483_Hurricane,-West-Virginia.txt => Hurricane,-West-Virginia
484_Hurricane,-Wisconsin.txt => Hurricane,-Wisconsin
485_Hurricane-Cliffs.txt => Hurricane-Cliffs
486_Hurricane-Creek.txt => Hurricane-Creek
487_Hurricane-Lake.txt => Hurricane-Lake
488_Hurricane-Mountain-(disambiguation).txt => Hurricane-Mountain-(disambiguation)
489_Hurricane-Pass.txt => Hurricane-Pass
490_Hurricane-Plantation.txt => Hurricane-Plantation
491_Hurricane-Ridge.txt => Hurricane-Ridge
492_Hurricane-(nickname).txt => Hurricane-(nickname)
493_Breaux-Greer.txt => Breaux-Greer
494_Gregory-Helms.txt => Gregory-Helms
495_Hurricane-Ryu.txt => Hurricane-Ryu
496_Norman-Smith-(record-producer).txt => Norman-Smith-(record-producer)
497_The-Hurricane-and-Rosey.txt => The-Hurricane-and-Rosey
498_Hurricane-(cocktail).txt => Hurricane-(cocktail)
499_Anheuser-Busch-brands.txt => Anheuser-Busch-brands
500_Hawker-Hurricane.txt => Hawker-Hurricane
501_Operation-Hurricane-(disambiguation).txt => Operation-Hurricane-(disambiguation)
502_HMS-Hurricane-(H06).txt => HMS-Hurricane-(H06)
503_USS-Hurricane-(PC-3).txt => USS-Hurricane-(PC-3)
504_GWR-Hurricane-locomotive.txt => GWR-Hurricane-locomotive
505_GWR-3031-Class.txt => GWR-3031-Class
506_Jeep-Hurricane.txt => Jeep-Hurricane
507_RAE-Hurricane.txt => RAE-Hurricane
508_Willys-Hurricane-engine.txt => Willys-Hurricane-engine
509_Honda-CBR600F.txt => Honda-CBR600F
510_Romney,-Hythe-and-Dymchurch-Railway.txt => Romney,-Hythe-and-Dymchurch-Railway
511_Ford-Boss-engine.txt => Ford-Boss-engine
512_Hurricane-(comics).txt => Hurricane-(comics)
513_Captain-Hurricane-(comics).txt => Captain-Hurricane-(comics)
514_Black-Scorpion-(TV-series).txt => Black-Scorpion-(TV-series)
515_The-Hurricane-(1937-film).txt => The-Hurricane-(1937-film)
516_Jerry-Jameson.txt => Jerry-Jameson
517_Hurricane-(1979-film).txt => Hurricane-(1979-film)
518_The-Hurricane-(1999-film).txt => The-Hurricane-(1999-film)
519_The-Hurricane-(novel).txt => The-Hurricane-(novel)
520_Hurricane-(band).txt => Hurricane-(band)
521_Hurricane-No.-1.txt => Hurricane-No.-1
522_The-Hurricanes.txt => The-Hurricanes
523_Terry-Britten.txt => Terry-Britten
524_Al-Hurricane.txt => Al-Hurricane
525_DJ-Hurricane.txt => DJ-Hurricane
526_Hurricane-Chris-(rapper).txt => Hurricane-Chris-(rapper)
527_Hurricane-G.txt => Hurricane-G
528_Hurricane-Festival.txt => Hurricane-Festival
529_Hurricane-(Eric-Benét-album).txt => Hurricane-(Eric-Benét-album)
530_Hurricane-(Grace-Jones-album).txt => Hurricane-(Grace-Jones-album)
531_Middle-Class-Rut.txt => Middle-Class-Ru
532_Hurricane-(Natalie-Grant-album).txt => Hurricane-(Natalie-Grant-album)
533_Agatha-Christie-(band).txt => Agatha-Christie-(band)
534_Hurricane-(Thirty-Seconds-to-Mars-song).txt => Hurricane-(Thirty-Seconds-to-Mars-song)
535_Hurricane-(Athlete-song).txt => Hurricane-(Athlete-song)
536_Hurricane-(Bob-Dylan-song).txt => Hurricane-(Bob-Dylan-song)
537_Hurricane-(Bridgit-Mendler-song).txt => Hurricane-(Bridgit-Mendler-song)
538_Hurricane-(The-Click-song).txt => Hurricane-(The-Click-song)
539_Hurricane-(Lauren-Bennett-song).txt => Hurricane-(Lauren-Bennett-song)
540_Hurricane-(Leon-Everette-song).txt => Hurricane-(Leon-Everette-song)
541_Hurricane-(Luke-Combs-song).txt => Hurricane-(Luke-Combs-song)
542_Hurricane-(Natalie-Grant-song).txt => Hurricane-(Natalie-Grant-song)
543_Hurricane-(Puffy-AmiYumi-song).txt => Hurricane-(Puffy-AmiYumi-song)
544_Hurricanes-(Pull-Tiger-Tail-song).txt => Hurricanes-(Pull-Tiger-Tail-song)
545_Hurricane-(Thrice-song).txt => Hurricane-(Thrice-song)
546_Hurricane-(Rebound!-song).txt => Hurricane-(Rebound!-song)
547_Hurricane-(Westend-song).txt => Hurricane-(Westend-song)
548_Hurricane-(Cradle-to-the-Grave).txt => Hurricane-(Cradle-to-the-Grave)
549_Alyssa-Reid.txt => Alyssa-Reid
550_Badman-(EP).txt => Badman-(EP)
551_Cascada.txt => Cascada
552_See-What-You-Started-by-Continuing.txt => See-What-You-Started-by-Continuing
553_Bajan-Style.txt => Bajan-Style
554_Addicted-Romantic.txt => Addicted-Romantic
555_Helios-(album).txt => Helios-(album)
556_Badlands-(Halsey-album).txt => Badlands-(Halsey-album)
557_Hamilton-(musical).txt => Hamilton-(musical)
558_Goodbye-Blues.txt => Goodbye-Blues
559_Ilse-DeLange.txt => Ilse-DeLange
560_Infernal-(Danish-band).txt => Infernal-(Danish-band)
561_Café-Racers.txt => Café-Racers
562_...And-the-Circus-Leaves-Town.txt => And-the-Circus-Leaves-Town
563_Out-of-the-Wasteland.txt => Out-of-the-Wasteland
564_MS-MR.txt => MS-MR
565_White-Lilies-Island.txt => White-Lilies-Island
566_The-Outsiders-(Needtobreathe-album).txt => The-Outsiders-(Needtobreathe-album)
567_Vices-&-Virtues.txt => Vices-&-Virtues
568_Samestate.txt => Samestate
569_The-Truth-Is...-(Theory-of-a-Deadman-album).txt => The-Truth-Is...-(Theory-of-a-Deadman-album)
570_Warm-Jets.txt => Warm-Jets
571_Audioboxer.txt => Audioboxer
572_Hurricane-(1944-painting).txt => Hurricane-(1944-painting)
573_Hurricanes-(TV-series).txt => Hurricanes-(TV-series)
574_Hurricane!-(American-Dad!).txt => Hurricane!-(American-Dad!)
575_Hurricane!-(Nova).txt => Hurricane!-(Nova)
576_The-Hurricane!.txt => The-Hurricane!
577_Hurricane-High-School-(Utah).txt => Hurricane-High-School-(Utah)
578_Hurricane-High-School-(West-Virginia).txt => Hurricane-High-School-(West-Virginia)
579_Guelph-Hurricanes.txt => Guelph-Hurricanes
580_Lethbridge-Hurricanes.txt => Lethbridge-Hurricanes
581_Newmarket-Hurricanes.txt => Newmarket-Hurricanes
582_Toronto-RCAF-Hurricanes.txt => Toronto-RCAF-Hurricanes
583_Waterloo-Hurricanes.txt => Waterloo-Hurricanes
584_Westfort-Hurricanes.txt => Westfort-Hurricanes
585_Budapest-Hurricanes.txt => Budapest-Hurricanes
586_Dundee-Hurricanes.txt => Dundee-Hurricanes
587_Hørsholm-Hurricanes.txt => Hørsholm-Hurricanes
588_Kiel-Baltic-Hurricanes.txt => Kiel-Baltic-Hurricanes
589_Paisley-Hurricanes.txt => Paisley-Hurricanes
590_Saarland-Hurricanes.txt => Saarland-Hurricanes
591_Carolina-Hurricanes.txt => Carolina-Hurricanes
592_Harmarville-Hurricanes.txt => Harmarville-Hurricanes
593_Hartford-Hurricanes.txt => Hartford-Hurricanes
594_Holyoke-Hurricanes.txt => Holyoke-Hurricanes
595_Honolulu-Hurricanes.txt => Honolulu-Hurricanes
596_Houston-Hurricane.txt => Houston-Hurricane
597_Houston-Hurricanes.txt => Houston-Hurricanes
598_Houston-Hurricanes-FC.txt => Houston-Hurricanes-FC
599_Miami-Hurricanes.txt => Miami-Hurricanes
600_Tulsa-Golden-Hurricane.txt => Tulsa-Golden-Hurricane
601_Hurricanes-(rugby-union).txt => Hurricanes-(rugby-union)
602_Hurricanes-Rugby-League.txt => Hurricanes-Rugby-League
603_Hurricane-(ride).txt => Hurricane-(ride)
604_Hurricane-(pipe).txt => Hurricane-(pipe)
605_Hurricane-(pinball).txt => Hurricane-(pinball)
606_ACA-Hurricane.txt => ACA-Hurricane
607_48th-Armored-Division-(United-States).txt => 48th-Armored-Division-(United-States)
608_Harry-Kane-(disambiguation).txt => Harry-Kane-(disambiguation)
609_Hurriganes.txt => Hurriganes
610_Bar-(unit).txt => Bar-(unit)
611_Pascal-(unit).txt => Pascal-(unit)
612_Inch-of-mercury.txt => Inch-of-mercury
613_United-States-dollar.txt => United-States-dollar
614_Puerto-Rico.txt => Puerto-Rico
615_Greater-Antilles.txt => Greater-Antilles
616_Turks-and-Caicos-Islands.txt => Turks-and-Caicos-Islands
617_The-Bahamas.txt => The-Bahamas
618_East-Coast-of-the-United-States.txt => East-Coast-of-the-United-States
619_Atlantic-Canada.txt => Atlantic-Canada
620_2003-Atlantic-hurricane-season.txt => 2003-Atlantic-hurricane-season
621_Effects-of-Hurricane-Isabel-in-North-Carolina.txt => Effects-of-Hurricane-Isabel-in-North-Carolina
622_Effects-of-Hurricane-Isabel-in-Virginia.txt => Effects-of-Hurricane-Isabel-in-Virginia
623_Effects-of-Hurricane-Isabel-in-Maryland-and-Washington,-D.C..txt => Effects-of-Hurricane-Isabel-in-Maryland-and-Washington,-D.C
624_Effects-of-Hurricane-Isabel-in-Delaware.txt => Effects-of-Hurricane-Isabel-in-Delaware
625_Effects-of-Hurricane-Isabel-in-Pennsylvania.txt => Effects-of-Hurricane-Isabel-in-Pennsylvania
626_Effects-of-Hurricane-Isabel-in-New-Jersey.txt => Effects-of-Hurricane-Isabel-in-New-Jersey
627_Effects-of-Hurricane-Isabel-in-New-York-and-New-England.txt => Effects-of-Hurricane-Isabel-in-New-York-and-New-England
628_Cape-Verde-hurricane.txt => Cape-Verde-hurricane
629_Outer-Banks.txt => Outer-Banks
630_North-Carolina.txt => North-Carolina
631_Pennsylvania.txt => Pennsylvania
632_Hatteras-Island.txt => Hatteras-Island
633_Virginia.txt => Virginia
634_Hampton-Roads.txt => Hampton-Roads
635_Richmond,-Virginia.txt => Richmond,-Virginia
636_Washington,-D.C..txt => Washington,-D.C
637_West-Virginia.txt => West-Virginia
638_South-Carolina.txt => South-Carolina
639_Maine.txt => Maine
640_Michigan.txt => Michigan
641_Africa.txt => Africa
642_Cape-Verde.txt => Cape-Verde
643_Dvorak-technique.txt => Dvorak-technique
644_Barbuda.txt => Barbuda
645_NOAA-Hurricane-Hunters.txt => NOAA-Hurricane-Hunters
646_San-Juan,-Puerto-Rico.txt => San-Juan,-Puerto-Rico
647_Ridge-(meteorology).txt => Ridge-(meteorology)
648_Cape-Hatteras.txt => Cape-Hatteras
649_Cape-Lookout-(North-Carolina).txt => Cape-Lookout-(North-Carolina)
650_Ocracoke,-North-Carolina.txt => Ocracoke,-North-Carolina
651_Western-Pennsylvania.txt => Western-Pennsylvania
652_Pittsburgh.txt => Pittsburgh
653_Lake-Erie.txt => Lake-Erie
654_Canada.txt => Canada
655_Cochrane-District.txt => Cochrane-Distric
656_Ontario.txt => Ontario
657_Little-River,-South-Carolina.txt => Little-River,-South-Carolina
658_Chincoteague,-Virginia.txt => Chincoteague,-Virginia
659_Pamlico-Sound.txt => Pamlico-Sound
660_Albemarle-Sound.txt => Albemarle-Sound
661_Chesapeake-Bay.txt => Chesapeake-Bay
662_Santee-River.txt => Santee-River
663_Little-Egg-Inlet.txt => Little-Egg-Inle
664_New-Jersey.txt => New-Jersey
665_Fire-Island.txt => Fire-Island
666_Cape-Fear-(headland).txt => Cape-Fear-(headland)
667_Maryland.txt => Maryland
668_Washington-Metro.txt => Washington-Metro
669_Metrobus-(Washington,-D.C.).txt => Metrobus-(Washington,-D.C.)
670_Amtrak.txt => Amtrak
671_Norfolk,-Virginia.txt => Norfolk,-Virginia
672_Tomb-of-the-Unknowns.txt => Tomb-of-the-Unknowns
673_Arlington-National-Cemetery.txt => Arlington-National-Cemetery
674_Lake-Ontario.txt => Lake-Ontario
675_Saint-Lawrence-River.txt => Saint-Lawrence-River
676_Georgian-Bay.txt => Georgian-Bay
677_Hurricane-Hazel.txt => Hurricane-Hazel
678_Convair-CV-240-family.txt => Convair-CV-240-family
679_Hurricane-Michael-(2000).txt => Hurricane-Michael-(2000)
680_Hurricane-Karen-(2001).txt => Hurricane-Karen-(2001)
681_Florida.txt => Florida
682_Delaware.txt => Delaware
683_New-York-(state).txt => New-York-(state)
684_Rhode-Island.txt => Rhode-Island
685_Electricity.txt => Electricity
686_Mid-Atlantic-states.txt => Mid-Atlantic-states
687_Upland-South.txt => Upland-South
688_Hurricane-Floyd.txt => Hurricane-Floyd
689_Hurricane-Agnes.txt => Hurricane-Agnes
690_Tongue-of-the-Ocean.txt => Tongue-of-the-Ocean
691_Delray-Beach,-Florida.txt => Delray-Beach,-Florida
692_Boynton-Beach,-Florida.txt => Boynton-Beach,-Florida
693_Juno-Beach,-Florida.txt => Juno-Beach,-Florida
694_Palm-Beach-County,-Florida.txt => Palm-Beach-County,-Florida
695_Flagler-Beach,-Florida.txt => Flagler-Beach,-Florida
696_Nassau-County,-Florida.txt => Nassau-County,-Florida
697_Myrtle-Beach,-South-Carolina.txt => Myrtle-Beach,-South-Carolina
698_Loris,-South-Carolina.txt => Loris,-South-Carolina
699_Dare-County,-North-Carolina.txt => Dare-County,-North-Carolina
700_Hatteras,-North-Carolina.txt => Hatteras,-North-Carolina
701_Langley-Air-Force-Base.txt => Langley-Air-Force-Base
702_Hampton,-Virginia.txt => Hampton,-Virginia
703_1933-Chesapeake–Potomac-hurricane.txt => 1933-Chesapeake–Potomac-hurricane
704_James-River.txt => James-River
705_Midtown-Tunnel-(Virginia).txt => Midtown-Tunnel-(Virginia)
706_Old-Dominion-University.txt => Old-Dominion-University
707_Norfolk-State-University.txt => Norfolk-State-University
708_Virginia-Commonwealth-University.txt => Virginia-Commonwealth-University
709_Sherando,-Virginia.txt => Sherando,-Virginia
710_Flash-flood.txt => Flash-flood
711_Eastern-Shore-of-Maryland.txt => Eastern-Shore-of-Maryland
712_Baltimore.txt => Baltimore
713_Annapolis,-Maryland.txt => Annapolis,-Maryland
714_Tropical-Storm-Henri-(2003).txt => Tropical-Storm-Henri-(2003)
715_Lewes,-Delaware.txt => Lewes,-Delaware
716_Sugar-Grove,-West-Virginia.txt => Sugar-Grove,-West-Virginia
717_Potomac-River.txt => Potomac-River
718_Springfield,-West-Virginia.txt => Springfield,-West-Virginia
719_Jefferson-County,-West-Virginia.txt => Jefferson-County,-West-Virginia
720_Martinsburg,-West-Virginia.txt => Martinsburg,-West-Virginia
721_Ohio.txt => Ohio
722_Mount-Clemens,-Michigan.txt => Mount-Clemens,-Michigan
723_St.-Clair-County,-Michigan.txt => St.-Clair-County,-Michigan
724_Nova-Scotia.txt => Nova-Scotia
725_Gulf-of-Maine.txt => Gulf-of-Maine
726_Hamilton,-Ontario.txt => Hamilton,-Ontario
727_High-pressure-area.txt => High-pressure-area
728_Buoy.txt => Buoy
729_Port-Colborne.txt => Port-Colborne
730_President-of-the-United-States.txt => President-of-the-United-States
731_George-W.-Bush.txt => George-W.-Bush
732_List-of-counties-in-North-Carolina.txt => List-of-counties-in-North-Carolina
733_List-of-cities-and-counties-in-Virginia.txt => List-of-cities-and-counties-in-Virginia
734_List-of-counties-in-West-Virginia.txt => List-of-counties-in-West-Virginia
735_North-Carolina-Highway-12.txt => North-Carolina-Highway-12
736_Hydro-Québec.txt => Hydro-Québec
737_Hurricane-Ida.txt => Hurricane-Ida
738_2009-Atlantic-hurricane-season.txt => 2009-Atlantic-hurricane-season
739_Annular-tropical-cyclone.txt => Annular-tropical-cyclone
740_Hurricane-Fran.txt => Hurricane-Fran
741_Hurricane-Hugo.txt => Hurricane-Hugo
742_Hurricane-Irene.txt => Hurricane-Irene
743_Hurricane-Irma.txt => Hurricane-Irma
744_List-of-North-Carolina-hurricanes.txt => List-of-North-Carolina-hurricanes
745_Timeline-of-the-2003-Atlantic-hurricane-season.txt => Timeline-of-the-2003-Atlantic-hurricane-season
746_Hurricane-Carol.txt => Hurricane-Carol
747_Hurricane-Edna.txt => Hurricane-Edna
748_Hurricane-Connie.txt => Hurricane-Connie
749_Hurricane-Diane.txt => Hurricane-Diane
750_Hurricane-Ione.txt => Hurricane-Ione
751_Hurricane-Janet.txt => Hurricane-Jane
752_Hurricane-Audrey.txt => Hurricane-Audrey
753_Hurricane-Donna.txt => Hurricane-Donna
754_Hurricane-Carla.txt => Hurricane-Carla
755_Hurricane-Hattie.txt => Hurricane-Hattie
756_Hurricane-Flora.txt => Hurricane-Flora
757_Hurricane-Cleo.txt => Hurricane-Cleo
758_Hurricane-Dora.txt => Hurricane-Dora
759_Hurricane-Hilda.txt => Hurricane-Hilda
760_Hurricane-Betsy.txt => Hurricane-Betsy
761_Hurricane-Inez.txt => Hurricane-Inez
762_Hurricane-Beulah.txt => Hurricane-Beulah
763_Hurricane-Camille.txt => Hurricane-Camille
764_Hurricane-Celia.txt => Hurricane-Celia
765_Hurricane-Carmen.txt => Hurricane-Carmen
766_Hurricane-Fifi–Orlene.txt => Hurricane-Fifi–Orlene
767_Hurricane-Eloise.txt => Hurricane-Eloise
768_Hurricane-Anita.txt => Hurricane-Anita
769_Hurricane-Greta–Olivia.txt => Hurricane-Greta–Olivia
770_Hurricane-David.txt => Hurricane-David
771_Hurricane-Frederic.txt => Hurricane-Frederic
772_Hurricane-Allen.txt => Hurricane-Allen
773_Hurricane-Alicia.txt => Hurricane-Alicia
774_Hurricane-Elena.txt => Hurricane-Elena
775_Hurricane-Gloria.txt => Hurricane-Gloria
776_Hurricane-Gilbert.txt => Hurricane-Gilber
777_Hurricane-Joan–Miriam.txt => Hurricane-Joan–Miriam
778_Hurricane-Diana.txt => Hurricane-Diana
779_Hurricane-Klaus.txt => Hurricane-Klaus
780_Hurricane-Bob.txt => Hurricane-Bob
781_Hurricane-Andrew.txt => Hurricane-Andrew
782_Hurricane-Luis.txt => Hurricane-Luis
783_Hurricane-Marilyn.txt => Hurricane-Marilyn
784_Hurricane-Opal.txt => Hurricane-Opal
785_Hurricane-Roxanne.txt => Hurricane-Roxanne
786_Hurricane-Cesar–Douglas.txt => Hurricane-Cesar–Douglas
787_Hurricane-Hortense.txt => Hurricane-Hortense
788_Hurricane-Georges.txt => Hurricane-Georges
789_Hurricane-Lenny.txt => Hurricane-Lenny
790_Hurricane-Keith.txt => Hurricane-Keith
791_Tropical-Storm-Allison.txt => Tropical-Storm-Allison
792_Hurricane-Iris.txt => Hurricane-Iris
793_Hurricane-Michelle.txt => Hurricane-Michelle
794_Hurricane-Lili.txt => Hurricane-Lili
795_Hurricane-Fabian.txt => Hurricane-Fabian
796_Hurricane-Juan.txt => Hurricane-Juan
797_Hurricane-Charley.txt => Hurricane-Charley
798_Hurricane-Frances.txt => Hurricane-Frances
799_Hurricane-Jeanne.txt => Hurricane-Jeanne
800_Hurricane-Dennis.txt => Hurricane-Dennis
801_Hurricane-Stan.txt => Hurricane-Stan
802_Hurricane-Wilma.txt => Hurricane-Wilma
803_Hurricane-Dean.txt => Hurricane-Dean
804_Hurricane-Felix.txt => Hurricane-Feli
805_Hurricane-Noel.txt => Hurricane-Noel
806_Hurricane-Gustav.txt => Hurricane-Gustav
807_Hurricane-Paloma.txt => Hurricane-Paloma
808_Hurricane-Igor.txt => Hurricane-Igor
809_Hurricane-Tomas.txt => Hurricane-Tomas
810_Hurricane-Ingrid.txt => Hurricane-Ingrid
811_Tropical-Storm-Erika.txt => Tropical-Storm-Erika
812_Hurricane-Joaquin.txt => Hurricane-Joaquin
813_Hurricane-Matthew.txt => Hurricane-Matthew
814_Hurricane-Otto.txt => Hurricane-Otto
815_1924-Cuba-hurricane.txt => 1924-Cuba-hurricane
816_1928-Okeechobee-hurricane.txt => 1928-Okeechobee-hurricane
817_1932-Bahamas-hurricane.txt => 1932-Bahamas-hurricane
818_1932-Cuba-hurricane.txt => 1932-Cuba-hurricane
819_1933-Cuba–Brownsville-hurricane.txt => 1933-Cuba–Brownsville-hurricane
820_1933-Tampico-hurricane.txt => 1933-Tampico-hurricane
821_1935-Labor-Day-hurricane.txt => 1935-Labor-Day-hurricane
822_1938-New-England-hurricane.txt => 1938-New-England-hurricane
823_Hurricane-Carol-(1953).txt => Hurricane-Carol-(1953)
824_Hurricane-Edith-(1971).txt => Hurricane-Edith-(1971)
825_Hurricane-Emily-(2005).txt => Hurricane-Emily-(2005)
826_Hurricane-Maria.txt => Hurricane-Maria
827_Tropical-Storm-Ana-(2003).txt => Tropical-Storm-Ana-(2003)
828_Tropical-Storm-Bill-(2003).txt => Tropical-Storm-Bill-(2003)
829_Hurricane-Claudette-(2003).txt => Hurricane-Claudette-(2003)
830_Hurricane-Erika-(2003).txt => Hurricane-Erika-(2003)
831_Tropical-Depression-Nine-(2003).txt => Tropical-Depression-Nine-(2003)
832_Tropical-Storm-Grace-(2003).txt => Tropical-Storm-Grace-(2003)
833_Hurricane-Kate-(2003).txt => Hurricane-Kate-(2003)
834_Tropical-Storm-Larry.txt => Tropical-Storm-Larry
835_Tropical-Storm-Nicholas.txt => Tropical-Storm-Nicholas
836_Tropical-Storm-Odette-(2003).txt => Tropical-Storm-Odette-(2003)
837_Soyuz-TMA-2.txt => Soyuz-TMA-2
838_Yuri-Malenchenko.txt => Yuri-Malenchenko
839_Ed-Lu.txt => Ed-Lu
840_List-of-International-Space-Station-expeditions.txt => List-of-International-Space-Station-expeditions
841_Expedition-6.txt => Expedition-6
842_Expedition-8.txt => Expedition-8
843_Astronaut-ranks-and-positions.txt => Astronaut-ranks-and-positions
844_Roscosmos.txt => Roscosmos
845_NASA.txt => NASA
846_Aleksandr-Kaleri.txt => Aleksandr-Kaleri
847_Apsis.txt => Apsis
848_Orbital-inclination.txt => Orbital-inclination
849_Orbital-period.txt => Orbital-period
850_Space-Shuttle.txt => Space-Shuttle
851_Space-Shuttle-Columbia-disaster.txt => Space-Shuttle-Columbia-disaster
852_European-Space-Agency.txt => European-Space-Agency
853_Pedro-Duque.txt => Pedro-Duque
854_Progress-M1-10.txt => Progress-M1-10
855_Progress-M-48.txt => Progress-M-48
856_Long-March-(rocket-family).txt => Long-March-(rocket-family)
857_Shenzhou-5.txt => Shenzhou-5
858_Astronaut.txt => Astronau
859_Yang-Liwei.txt => Yang-Liwei
860_STS-106.txt => STS-106
861_Expedition-1.txt => Expedition-1
862_Expedition-2.txt => Expedition-2
863_Expedition-3.txt => Expedition-3
864_Expedition-4.txt => Expedition-4
865_Expedition-5.txt => Expedition-5
866_Expedition-9.txt => Expedition-9
867_Expedition-10.txt => Expedition-10
868_Expedition-11.txt => Expedition-11
869_Expedition-12.txt => Expedition-12
870_Expedition-13.txt => Expedition-13
871_Expedition-14.txt => Expedition-14
872_Expedition-15.txt => Expedition-15
873_Expedition-16.txt => Expedition-16
874_Expedition-17.txt => Expedition-17
875_Expedition-18.txt => Expedition-18
876_Expedition-19.txt => Expedition-19
877_Expedition-20.txt => Expedition-20
878_Expedition-21.txt => Expedition-21
879_Expedition-22.txt => Expedition-22
880_Expedition-23.txt => Expedition-23
881_Expedition-24.txt => Expedition-24
882_Expedition-25.txt => Expedition-25
883_Expedition-26.txt => Expedition-26
884_Expedition-27.txt => Expedition-27
885_Expedition-28.txt => Expedition-28
886_Expedition-29.txt => Expedition-29
887_Expedition-30.txt => Expedition-30
888_Expedition-31.txt => Expedition-31
889_Expedition-32.txt => Expedition-32
890_Expedition-33.txt => Expedition-33
891_Expedition-34.txt => Expedition-34
892_Expedition-35.txt => Expedition-35
893_Expedition-36.txt => Expedition-36
894_Expedition-37.txt => Expedition-37
895_Expedition-38.txt => Expedition-38
896_Expedition-39.txt => Expedition-39
897_Expedition-40.txt => Expedition-40
898_Expedition-41.txt => Expedition-41
899_Expedition-42.txt => Expedition-42
900_Expedition-43.txt => Expedition-43
901_Expedition-44.txt => Expedition-44
902_Expedition-45.txt => Expedition-45
903_Expedition-46.txt => Expedition-46
904_Expedition-47.txt => Expedition-47
905_Expedition-48.txt => Expedition-48
906_Expedition-49.txt => Expedition-49
907_Expedition-50.txt => Expedition-50
908_Expedition-51.txt => Expedition-51
909_Expedition-52.txt => Expedition-52
910_Expedition-53.txt => Expedition-53
911_Expedition-54.txt => Expedition-54
912_ISS-(disambiguation).txt => ISS-(disambiguation)
913_Space-Shuttle-Atlantis.txt => Space-Shuttle-Atlantis
914_STS-132.txt => STS-132
915_International-Designator.txt => International-Designator
916_Satellite-Catalog-Number.txt => Satellite-Catalog-Number
917_Call-sign.txt => Call-sign
918_Rocket-launch.txt => Rocket-launch
919_Launch-pad.txt => Launch-pad
920_Baikonur-Cosmodrome.txt => Baikonur-Cosmodrome
921_Gagarin's-Start.txt => Gagarin's-Star
922_Baikonur-Cosmodrome-Site-81.txt => Baikonur-Cosmodrome-Site-81
923_Kennedy-Space-Center.txt => Kennedy-Space-Center
924_Kennedy-Space-Center-Launch-Complex-39.txt => Kennedy-Space-Center-Launch-Complex-39
925_Mass.txt => Mass
926_Volume.txt => Volume
927_Atmospheric-pressure.txt => Atmospheric-pressure
928_Atmosphere-(unit).txt => Atmosphere-(unit)
929_Metres-above-sea-level.txt => Metres-above-sea-level
930_Degree-(angle).txt => Degree-(angle)
931_Epoch-(astronomy).txt => Epoch-(astronomy)
932_Orbital-decay.txt => Orbital-decay
933_Exploded-view-drawing.txt => Exploded-view-drawing
934_Space-station.txt => Space-station
935_Low-Earth-orbit.txt => Low-Earth-orbi
936_Naked-eye.txt => Naked-eye
937_Photovoltaic-system.txt => Photovoltaic-system
938_Proton-(rocket-family).txt => Proton-(rocket-family)
939_Soyuz-(rocket-family).txt => Soyuz-(rocket-family)
940_Micro-g-environment.txt => Micro-g-environmen
941_Space-environment.txt => Space-environmen
942_Biology.txt => Biology
943_Human-biology.txt => Human-biology
944_Physics.txt => Physics
945_Astronomy.txt => Astronomy
946_Scientific-research-on-the-International-Space-Station.txt => Scientific-research-on-the-International-Space-Station
947_Orbital-station-keeping.txt => Orbital-station-keeping
948_Zvezda-(ISS-module).txt => Zvezda-(ISS-module)
949_Salyut-programme.txt => Salyut-programme
950_Almaz.txt => Almaz
951_Mir.txt => Mir
952_Skylab.txt => Skylab
